k,alpha,k alpha,c,log(total cost),total cost,speedup,log(speedup),k pre,single enum,preprocessing cost,solutions,strategy
50,1.05,64,0.15,23.790842304119494,14512998.67633028,0.4136163033636066,-1.2736350419273004,34,2356108.639895809,12156890.036434472,1.04451246359453,"Strategy< 50, (34,34,34,34), 1.00-1.00, {'alpha': 1.05, 'c': 0.15, 'total_cost': 14512998.67633028}>"
52,1.05,66,0.15,24.016874276438347,16974600.39906135,0.6843203186495767,-0.5472563107781877,36,3368168.507681261,13606431.891380087,1.1809808038102965,"Strategy< 52, (36,36,36,36), 1.00-1.00, {'alpha': 1.05, 'c': 0.15, 'total_cost': 16974600.39906135}>"
54,1.05,68,0.15,24.262992074716824,20132068.48233309,1.1978396223887273,0.26043475998553245,36,5835367.285600033,14296701.196733057,1.0630151513406054,"Strategy< 54, (36,36,36,36), 1.00-1.00, {'alpha': 1.05, 'c': 0.15, 'total_cost': 20132068.48233309}>"
56,1.05,68,0.15,24.262992074716824,20132068.48233309,1.5828508964332555,0.662525360902976,36,5835367.285600033,14296701.196733057,1.0630151513406054,"Strategy< 56, (36,36,36,36), 1.00-1.00, {'alpha': 1.05, 'c': 0.15, 'total_cost': 20132068.48233309}>"
58,1.05,70,0.15,24.77597569497696,28728427.582315437,1.3691440006194038,0.453274190974226,36,13969186.848680397,14759240.733635038,1.1055947878334307,"Strategy< 58, (36,36,36,36), 1.00-1.00, {'alpha': 1.05, 'c': 0.15, 'total_cost': 28728427.582315437}>"
60,1.05,72,0.15,25.26207975894067,40238683.21721858,1.2221481056178982,0.2894191282770246,36,20821072.00236937,15223724.270537019,0.8957747468605639,"Strategy< 60, (36,36,36,36), 1.00-1.00, {'alpha': 1.05, 'c': 0.15, 'total_cost': 40238683.21721858}>"
62,1.05,74,0.15,25.752122177703473,56514674.096083224,1.147280238005871,0.19821783128383202,40,31889365.23777672,23199709.55278831,0.9747747053606914,"Strategy< 62, (40,40,40,40), 1.00-1.00, {'alpha': 1.05, 'c': 0.15, 'total_cost': 56514674.096083224}>"
64,1.05,76,0.15,26.51984509369916,96220775.66607806,0.916313353007974,-0.12608705167012368,40,36070929.612743326,23957421.407252483,0.6238606018758003,"Strategy< 64, (40,40,40,40), 1.00-1.00, {'alpha': 1.05, 'c': 0.15, 'total_cost': 96220775.66607806}>"
66,1.05,78,0.15,27.18632779984942,152721485.4936382,0.8207787421617642,-0.2849347286779598,42,87277272.808114,63280043.75886731,0.9858293093492269,"Strategy< 66, (42,42,42,42), 1.00-1.00, {'alpha': 1.05, 'c': 0.15, 'total_cost': 152721485.4936382}>"
68,1.05,80,0.15,27.786966197917135,231584940.17569458,0.8222459693095999,-0.2823580639717798,46,73852295.53490345,157732644.64079115,1.0042539149736278,"Strategy< 68, (46,46,46,46), 1.00-1.00, {'alpha': 1.05, 'c': 0.15, 'total_cost': 231584940.17569458}>"
70,1.05,82,0.15,28.31680523273593,334354949.44367415,0.8728054517136228,-0.19626798184219849,46,146123966.09377232,166983302.5279008,0.9364517233635854,"Strategy< 70, (46,46,46,46), 1.00-1.00, {'alpha': 1.05, 'c': 0.15, 'total_cost': 334354949.44367415}>"
72,1.05,84,0.15,29.009020333844273,540238169.6588633,0.841387588663939,-0.24915755786581512,48,212856096.1814276,229322624.78848967,0.8184884849012681,"Strategy< 72, (48,48,48,48), 1.00-1.00, {'alpha': 1.05, 'c': 0.15, 'total_cost': 540238169.6588633}>"
74,1.05,86,0.15,29.729026548623267,889874440.7864115,0.84731050537224,-0.23903733847022532,48,366160547.0023339,237702797.02377537,0.6785938738643343,"Strategy< 74, (48,48,48,48), 1.00-1.00, {'alpha': 1.05, 'c': 0.15, 'total_cost': 889874440.7864115}>"
76,1.05,88,0.15,30.587268682187833,1613189396.6721292,0.8019824820932199,-0.31835737101671624,48,421558975.08088976,250277525.37670395,0.41646473863734446,"Strategy< 76, (48,48,48,48), 1.00-1.00, {'alpha': 1.05, 'c': 0.15, 'total_cost': 1613189396.6721292}>"
78,1.05,90,0.15,31.48002473864451,2995240577.151483,0.7652025619939186,-0.386086390871746,48,472346655.69216925,258663727.61198965,0.24405731842727643,"Strategy< 78, (48,48,48,48), 1.00-1.00, {'alpha': 1.05, 'c': 0.15, 'total_cost': 2995240577.151483}>"
80,1.05,92,0.15,32.47820797683441,5982942189.110977,0.596651079276855,-0.7450406028579782,48,482761201.4414999,267052425.84727535,0.12532523357044043,"Strategy< 80, (48,48,48,48), 1.00-1.00, {'alpha': 1.05, 'c': 0.15, 'total_cost': 5982942189.110977}>"
82,1.05,94,0.15,33.520175492406864,12319080215.55465,0.4791241507694887,-1.0615285589849357,48,662255616.136548,279640258.2002037,0.07645829541295379,"Strategy< 82, (48,48,48,48), 1.00-1.00, {'alpha': 1.05, 'c': 0.15, 'total_cost': 12319080215.55465}>"
84,1.05,96,0.15,34.45880469341353,23612057244.54288,0.42390122010295217,-1.2381999760198428,62,10188286350.398531,13163743653.46607,0.9889875228581204,"Strategy< 84, (62,62,62,62), 1.00-1.00, {'alpha': 1.05, 'c': 0.15, 'total_cost': 23612057244.54288}>"
86,1.05,98,0.15,35.13728047191269,37789869146.39951,0.45663423734853403,-1.1308890614281806,64,14648102071.593054,17884460310.799953,0.8608805247872259,"Strategy< 86, (64,64,64,64), 1.00-1.00, {'alpha': 1.05, 'c': 0.15, 'total_cost': 37789869146.39951}>"
88,1.05,100,0.15,35.88654814134043,63522477983.451324,0.503340439568627,-0.990393582843557,66,38353294378.86107,25169183604.590252,1.0223054009770187,"Strategy< 88, (66,66,66,66), 1.00-1.00, {'alpha': 1.05, 'c': 0.15, 'total_cost': 63522477983.451324}>"
90,1.05,102,0.15,36.54135125966739,100009858141.33801,0.5955975857498986,-0.7475901889084307,68,58274413405.876015,37718804806.27259,0.9598375599782081,"Strategy< 90, (68,68,68,68), 1.00-1.00, {'alpha': 1.05, 'c': 0.15, 'total_cost': 100009858141.33801}>"
92,1.05,104,0.15,37.34590990631625,174678356521.35623,0.6583933287313836,-0.6029783773764729,70,92769500676.06628,57081693885.311165,0.85786927210445,"Strategy< 92, (70,70,70,70), 1.00-1.00, {'alpha': 1.05, 'c': 0.15, 'total_cost': 174678356521.35623}>"
94,1.05,106,0.15,38.1367806579824,302214234538.0283,0.8123340199811819,-0.2998550301814118,72,145392409773.1063,88044140235.91504,0.7724207642497644,"Strategy< 94, (72,72,72,72), 1.00-1.00, {'alpha': 1.05, 'c': 0.15, 'total_cost': 302214234538.0283}>"
96,1.05,108,0.15,38.95620560705549,533318200394.89386,0.9856807525921222,-0.02080764020211806,74,236807597501.02313,144167564379.7013,0.7143486976417316,"Strategy< 96, (74,74,74,74), 1.00-1.00, {'alpha': 1.05, 'c': 0.15, 'total_cost': 533318200394.89386}>"
98,1.05,110,0.15,39.80499566292216,960500669276.9441,1.1611625701433423,0.2155699728239315,76,397441908332.79205,244138579414.03748,0.6679646441369014,"Strategy< 98, (76,76,76,76), 1.00-1.00, {'alpha': 1.05, 'c': 0.15, 'total_cost': 960500669276.9441}>"
100,1.05,112,0.15,40.64724000148454,1722021150833.1333,1.117301269344378,0.16001824686478858,80,1015090529572.3931,644095737336.2865,0.963510968553404,"Strategy<100, (80,80,80,80), 1.00-1.00, {'alpha': 1.05, 'c': 0.15, 'total_cost': 1722021150833.1333}>"
102,1.05,114,0.15,41.40697363040947,2915688288573.2573,1.1785236803464105,0.23698074728142196,82,1674590607346.6104,1064341703527.1212,0.9393776150927238,"Strategy<102, (82,82,82,82), 1.00-1.00, {'alpha': 1.05, 'c': 0.15, 'total_cost': 2915688288573.2573}>"
104,1.05,116,0.15,42.278131590628924,5333174199102.541,1.1651230989799481,0.22048238827515823,84,2837413538738.48,1797107617082.215,0.8689986456096981,"Strategy<104, (84,84,84,84), 1.00-1.00, {'alpha': 1.05, 'c': 0.15, 'total_cost': 5333174199102.541}>"
106,1.05,118,0.15,43.091859831059026,9374376200734.592,1.2117124995920299,0.27704743427672684,86,4715388894101.497,3084145246430.942,0.8320056688061286,"Strategy<106, (86,86,86,86), 1.00-1.00, {'alpha': 1.05, 'c': 0.15, 'total_cost': 9374376200734.592}>"
108,1.05,120,0.15,44.00690048544691,17676531940225.15,1.1753602811842725,0.23310305143429844,86,5681939616931.109,3222194543664.278,0.5037263073268871,"Strategy<108, (86,86,86,86), 1.00-1.00, {'alpha': 1.05, 'c': 0.15, 'total_cost': 17676531940225.15}>"
110,1.05,122,0.15,44.90220603921463,32878416237703.906,1.2177697933723506,0.28424143262862717,88,9204003220186.293,5908911650015.322,0.45966067102923924,"Strategy<110, (88,88,88,88), 1.00-1.00, {'alpha': 1.05, 'c': 0.15, 'total_cost': 32878416237703.906}>"
112,1.05,124,0.15,45.81593056593765,61939740226432.84,1.2414973232748414,0.3120811510014432,90,19714826478375.633,10937416167854.574,0.494871992264981,"Strategy<112, (90,90,90,90), 1.00-1.00, {'alpha': 1.05, 'c': 0.15, 'total_cost': 61939740226432.84}>"
114,1.05,126,0.15,46.75869406251933,119060984921558.44,1.2123530738478,0.2778099163925228,92,37642450808255.734,20968518777385.305,0.4922768749498923,"Strategy<114, (92,92,92,92), 1.00-1.00, {'alpha': 1.05, 'c': 0.15, 'total_cost': 119060984921558.44}>"
116,1.05,128,0.15,47.65346359933131,221371618691150.16,1.2280302493897033,0.2963460982545276,92,41726069029945.336,22348603745841.38,0.28944393664655554,"Strategy<116, (92,92,92,92), 1.00-1.00, {'alpha': 1.05, 'c': 0.15, 'total_cost': 221371618691150.16}>"
118,1.05,130,0.15,48.69523155268106,455748599923220.4,1.1759123929777742,0.23378058149696943,92,44210965129713.695,23268660395908.76,0.14806326456513677,"Strategy<118, (92,92,92,92), 1.00-1.00, {'alpha': 1.05, 'c': 0.15, 'total_cost': 455748599923220.4}>"
120,1.05,132,0.15,49.67436993418862,898411631320298.0,1.1537399160281818,0.20631803841517837,100,514992110665268.75,334112661789047.0,0.9451177420827452,"Strategy<120, (100,100,100,100), 1.00-1.00, {'alpha': 1.05, 'c': 0.15, 'total_cost': 898411631320298.0}>"
122,1.05,134,0.15,50.580619572078284,1683773578908654.0,1.1813418740840056,0.24042653346587708,102,958360391190194.1,600729738980280.9,0.9259499909607838,"Strategy<122, (102,102,102,102), 1.00-1.00, {'alpha': 1.05, 'c': 0.15, 'total_cost': 1683773578908654.0}>"
124,1.05,136,0.15,51.48120420577898,3143306125319009.0,1.2703686051808745,0.3452471644846248,104,1803519375852940.2,1088817238083395.4,0.9201574707085831,"Strategy<124, (104,104,104,104), 1.00-1.00, {'alpha': 1.05, 'c': 0.15, 'total_cost': 3143306125319009.0}>"
126,1.05,138,0.15,52.36818454922338,5812920290988312.0,1.3751722806357183,0.4596123698003187,106,3284762643756456.0,1990530074604893.5,0.9075116214030254,"Strategy<126, (106,106,106,106), 1.00-1.00, {'alpha': 1.05, 'c': 0.15, 'total_cost': 5812920290988312.0}>"
128,1.05,140,0.15,53.30019171670688,1.1090636755808254e+16,1.4689441123276055,0.5547795079421166,114,6149289181925551.0,4932973494555077.0,0.9992449415203107,"Strategy<128, (114,114,114,114), 1.00-1.00, {'alpha': 1.05, 'c': 0.15, 'total_cost': 1.1090636755808254e+16}>"
130,1.05,142,0.15,53.982470471263404,1.7796838192871092e+16,1.826683260261541,0.8692264979691909,112,1.0195573235791168e+16,7320248255442937.0,0.9842097400340722,"Strategy<130, (112,112,112,112), 1.00-1.00, {'alpha': 1.05, 'c': 0.15, 'total_cost': 1.7796838192871092e+16}>"
132,1.05,144,0.15,54.951543474883884,3.4838776445494824e+16,1.90071892612655,0.9265452053876458,114,9704135097393216.0,6767127605124706.0,0.4727853381500688,"Strategy<132, (114,114,114,114), 1.00-1.00, {'alpha': 1.05, 'c': 0.15, 'total_cost': 3.4838776445494824e+16}>"
134,1.05,146,0.15,55.64513611150327,5.634496096689606e+16,2.1469358523604245,1.1022790859968465,118,3.4975434783174736e+16,2.1369526183721324e+16,1.1401793763869703,"Strategy<134, (118,118,118,118), 1.00-1.00, {'alpha': 1.05, 'c': 0.15, 'total_cost': 5.634496096689606e+16}>"
136,1.05,148,0.15,56.41394434393927,9.60040205535005e+16,2.765173147499062,1.467369820864038,116,4.541315698384152e+16,1.4781927335044906e+16,0.6270058688358922,"Strategy<136, (116,116,116,116), 1.00-1.00, {'alpha': 1.05, 'c': 0.15, 'total_cost': 9.60040205535005e+16}>"
138,1.05,150,0.15,57.24248455648324,1.704923424949451e+17,2.5021305140229,1.3231570441091511,118,3.437742756052153e+16,2.867812845544377e+16,0.36984391846123427,"Strategy<138, (118,118,118,118), 1.00-1.00, {'alpha': 1.05, 'c': 0.15, 'total_cost': 1.704923424949451e+17}>"
140,1.05,152,0.15,58.487871185545664,4.042067943899214e+17,1.6803119819591124,0.7487291217173265,118,5.595362497530019e+16,3.1601569364139972e+16,0.2166099025415672,"Strategy<140, (118,118,118,118), 1.00-1.00, {'alpha': 1.05, 'c': 0.15, 'total_cost': 4.042067943899214e+17}>"
142,1.05,154,0.15,59.324383177058074,7.218032123898004e+17,1.7213992412445738,0.7835817380318479,112,2.507513715132584e+16,1.0788873709351988e+16,0.04968668779117311,"Strategy<142, (112,112,112,112), 1.00-1.00, {'alpha': 1.05, 'c': 0.15, 'total_cost': 7.218032123898004e+17}>"
144,1.05,156,0.15,60.79465545048401,1.9999303295405932e+18,1.8443078438921237,0.8830794842861076,128,7.449228199419447e+17,4.2077735704265075e+17,0.5828703929163223,"Strategy<144, (128,128,128,128), 1.00-1.00, {'alpha': 1.05, 'c': 0.15, 'total_cost': 1.9999303295405932e+18}>"
146,1.05,158,0.15,61.720772672527886,3.8001779175766385e+18,2.801501242371656,1.4862001323550136,132,1.9141133747369533e+18,1.106298958975071e+18,0.7948081377300702,"Strategy<146, (132,132,132,132), 1.00-1.00, {'alpha': 1.05, 'c': 0.15, 'total_cost': 3.8001779175766385e+18}>"
148,1.05,160,0.15,62.63879725379318,7.180536029839104e+18,2.9134266737335865,1.5427170008269337,136,4.635725996722964e+18,2.5448100331161395e+18,1.005115547847238,"Strategy<148, (136,136,136,136), 1.00-1.00, {'alpha': 1.05, 'c': 0.15, 'total_cost': 7.180536029839104e+18}>"
150,1.05,162,0.15,63.444574334237515,1.255220249399998e+19,3.478503161742627,1.798466632025566,138,7.321607300762285e+18,4.393894744826292e+18,0.9333423398155541,"Strategy<150, (138,138,138,138), 1.00-1.00, {'alpha': 1.05, 'c': 0.15, 'total_cost': 1.255220249399998e+19}>"
152,1.05,164,0.15,64.3656063820238,2.3767210361197314e+19,3.934475347615395,1.9761712688058328,142,1.4935441329173123e+19,8.831769032024191e+18,1.0195509858135121,"Strategy<152, (142,142,142,142), 1.00-1.00, {'alpha': 1.05, 'c': 0.15, 'total_cost': 2.3767210361197314e+19}>"
154,1.05,166,0.15,65.2798474124252,4.4791146960901775e+19,4.328852949336853,2.1139847931892635,144,2.710715092958002e+19,1.6223072099530201e+19,0.9673836454095094,"Strategy<154, (144,144,144,144), 1.00-1.00, {'alpha': 1.05, 'c': 0.15, 'total_cost': 4.4791146960901775e+19}>"
156,1.05,168,0.15,66.2026590929998,8.491534525103645e+19,4.881223526436338,2.287242818746022,142,2.5932015326483513e+19,1.442619821949121e+19,0.4752758576987841,"Strategy<156, (142,142,142,142), 1.00-1.00, {'alpha': 1.05, 'c': 0.15, 'total_cost': 8.491534525103645e+19}>"
158,1.05,170,0.15,67.14203982833591,1.6284257395519698e+20,5.214627718788882,2.3825642599495542,148,1.0100952090719532e+20,5.6818280032267715e+19,0.9692047792298243,"Strategy<158, (148,148,148,148), 1.00-1.00, {'alpha': 1.05, 'c': 0.15, 'total_cost': 1.6284257395519698e+20}>"
160,1.05,172,0.15,68.22295828756613,3.4447430888478304e+20,5.541267161017389,2.4702159253492764,144,6.979645878374803e+19,3.4260446692429787e+19,0.3020745024877368,"Strategy<160, (144,144,144,144), 1.00-1.00, {'alpha': 1.05, 'c': 0.15, 'total_cost': 3.4447430888478304e+20}>"
162,1.05,174,0.15,69.21862025179648,6.86880131477904e+20,5.169974850462183,2.3701572625127945,150,1.5562556278090675e+20,1.6643116133671597e+20,0.46886888899330875,"Strategy<162, (150,150,150,150), 1.00-1.00, {'alpha': 1.05, 'c': 0.15, 'total_cost': 6.86880131477904e+20}>"
164,1.05,176,0.15,70.17033166281307,1.328540004317843e+21,5.324491755812842,2.4126438208572214,154,6.521776259977592e+20,3.792370417883351e+20,0.7763519837068724,"Strategy<164, (154,154,154,154), 1.00-1.00, {'alpha': 1.05, 'c': 0.15, 'total_cost': 1.328540004317843e+21}>"
166,1.05,178,0.15,71.17840225409326,2.671985653100694e+21,5.834721041950954,2.5446636823226108,162,1.3411088044876964e+21,1.3308768486129976e+21,1.0031757362476512,"Strategy<166, (162,162,162,162), 1.00-1.00, {'alpha': 1.05, 'c': 0.15, 'total_cost': 2.671985653100694e+21}>"
168,1.05,180,0.15,72.17556832719482,5.333484294723942e+21,5.579553141786474,2.4801495833548772,158,2.132268205909132e+21,1.330877168919735e+21,0.6493213785694886,"Strategy<168, (158,158,158,158), 1.00-1.00, {'alpha': 1.05, 'c': 0.15, 'total_cost': 5.333484294723942e+21}>"
170,1.05,182,0.15,73.07314140722687,9.93590524093327e+21,6.14332931098733,2.6190207205302967,158,3.545646307042044e+21,1.9397610710459752e+21,0.5520792766309415,"Strategy<170, (158,158,158,158), 1.00-1.00, {'alpha': 1.05, 'c': 0.15, 'total_cost': 9.93590524093327e+21}>"
172,1.05,184,0.15,74.18650888643462,2.149633632967781e+22,5.859433123699363,2.5507610965268244,158,5.614724851705461e+21,2.3456836724634684e+21,0.3703146620933168,"Strategy<172, (158,158,158,158), 1.00-1.00, {'alpha': 1.05, 'c': 0.15, 'total_cost': 2.149633632967781e+22}>"
174,1.05,186,0.15,75.23558204742544,4.448022111694985e+22,5.590879612482938,2.4830752799799143,158,6.579559515805256e+21,2.7516062738809545e+21,0.20978236068458822,"Strategy<174, (158,158,158,158), 1.00-1.00, {'alpha': 1.05, 'c': 0.15, 'total_cost': 4.448022111694985e+22}>"
176,1.05,188,0.15,76.15414226324903,8.407775663161573e+22,6.393368300701537,2.6765762051026583,158,7.191580922862794e+21,3.360490176007194e+21,0.12550371848173336,"Strategy<176, (158,158,158,158), 1.00-1.00, {'alpha': 1.05, 'c': 0.15, 'total_cost': 8.407775663161573e+22}>"
178,1.05,190,0.15,77.28915275359259,1.846517033756893e+23,6.464521824263167,2.692543658933001,158,8.903218382429311e+21,3.7664127774246867e+21,0.06861367064714576,"Strategy<178, (158,158,158,158), 1.00-1.00, {'alpha': 1.05, 'c': 0.15, 'total_cost': 1.846517033756893e+23}>"
180,1.05,194,0.15,79.26178991566564,7.247300591416344e+23,3.6638450804770804,1.8733585027927768,172,2.429951345708334e+23,1.6281524023730207e+23,0.5599469342954735,"Strategy<180, (172,172,172,172), 1.00-1.00, {'alpha': 1.05, 'c': 0.15, 'total_cost': 7.247300591416344e+23}>"
182,1.05,196,0.15,80.28265164639362,1.4705719470091917e+24,3.54929005076286,1.8275304773851895,176,5.6946023201181456e+23,4.355645320625408e+23,0.6834244092023832,"Strategy<182, (176,176,176,176), 1.00-1.00, {'alpha': 1.05, 'c': 0.15, 'total_cost': 1.4705719470091917e+24}>"
184,1.05,198,0.15,81.37760485540753,3.141232171931079e+24,3.6991785399966624,1.8872049334848051,180,1.1238470305921134e+24,8.792144923317942e+23,0.6376674544538748,"Strategy<184, (180,180,180,180), 1.00-1.00, {'alpha': 1.05, 'c': 0.15, 'total_cost': 3.141232171931079e+24}>"
186,1.05,200,0.15,82.44544493903571,6.58494167329467e+24,3.8733291973957455,1.953574122400946,184,4.494347544996289e+24,2.085425542657305e+24,0.9992150901408835,"Strategy<186, (184,184,184,184), 1.00-1.00, {'alpha': 1.05, 'c': 0.15, 'total_cost': 6.58494167329467e+24}>"
188,1.05,202,0.15,83.44363143139762,1.3153338838965109e+25,3.7913076523406475,1.9226955312902108,182,4.0632129972207993e+24,3.1515819543593486e+24,0.5485143384436526,"Strategy<188, (182,182,182,182), 1.00-1.00, {'alpha': 1.05, 'c': 0.15, 'total_cost': 1.3153338838965109e+25}>"
190,1.05,204,0.15,84.39213817775783,2.5384288191269037e+25,4.33294945576448,2.115349407543722,186,1.2750063993247744e+25,7.696020391108685e+24,0.8054621910331482,"Strategy<190, (186,186,186,186), 1.00-1.00, {'alpha': 1.05, 'c': 0.15, 'total_cost': 2.5384288191269037e+25}>"
192,1.05,206,0.15,85.53636106575824,5.610614124980115e+25,4.236209558483182,2.0827739589021275,188,3.417406762065129e+25,1.4578814977578622e+25,0.868940217812657,"Strategy<192, (188,188,188,188), 1.00-1.00, {'alpha': 1.05, 'c': 0.15, 'total_cost': 5.610614124980115e+25}>"
194,1.05,208,0.15,86.4639028033553,1.0671569226269064e+26,4.578458977564961,2.194862096241278,188,3.0526916529732757e+25,2.3535277161924477e+25,0.5066002248158415,"Strategy<194, (188,188,188,188), 1.00-1.00, {'alpha': 1.05, 'c': 0.15, 'total_cost': 1.0671569226269064e+26}>"
196,1.05,210,0.15,87.45621137269833,2.1229654694186813e+26,5.646362480149862,2.497321748611974,192,7.360393845835051e+25,5.144520970156956e+25,0.5890305328148437,"Strategy<196, (192,192,192,192), 1.00-1.00, {'alpha': 1.05, 'c': 0.15, 'total_cost': 2.1229654694186813e+26}>"
198,1.05,212,0.15,88.54705857174464,4.521896918477662e+26,5.740215980600214,2.5211050205732253,194,1.3679317443383456e+26,9.791915036247957e+25,0.5190572209579076,"Strategy<198, (194,194,194,194), 1.00-1.00, {'alpha': 1.05, 'c': 0.15, 'total_cost': 4.521896918477662e+26}>"
200,1.05,214,0.15,89.38965162968813,8.108983981062936e+26,8.024710649071482,3.004449373209947,196,4.226357543574678e+26,2.1988121989339087e+26,0.7923520082803723,"Strategy<200, (196,196,196,196), 1.00-1.00, {'alpha': 1.05, 'c': 0.15, 'total_cost': 8.108983981062936e+26}>"
202,1.05,216,0.15,90.48481757034875,1.7323843065551503e+27,7.3271181975852,2.8732458887351653,200,6.740599067021327e+26,4.426973872889308e+26,0.6446360023958758,"Strategy<202, (200,200,200,200), 1.00-1.00, {'alpha': 1.05, 'c': 0.15, 'total_cost': 1.7323843065551503e+27}>"
204,1.05,218,0.15,91.70691380737183,4.041400266721147e+27,7.046296895260057,2.816865263975001,200,1.2246368529281619e+27,6.883250420053359e+26,0.47334135910410935,"Strategy<204, (200,200,200,200), 1.00-1.00, {'alpha': 1.05, 'c': 0.15, 'total_cost': 4.041400266721147e+27}>"
206,1.05,220,0.15,92.7587663715035,8.378591920428178e+27,8.311784679607621,3.0551582810845326,204,2.864744906372775e+27,1.598276134568779e+27,0.5326695802023828,"Strategy<206, (204,204,204,204), 1.00-1.00, {'alpha': 1.05, 'c': 0.15, 'total_cost': 8.378591920428178e+27}>"
208,1.05,222,0.15,93.89208077413342,1.8379456653517093e+28,7.711295394020905,2.9469732338821517,202,4.668942145871052e+27,1.8197172858182916e+27,0.35303869717213177,"Strategy<208, (202,202,202,202), 1.00-1.00, {'alpha': 1.05, 'c': 0.15, 'total_cost': 1.8379456653517093e+28}>"
210,1.05,224,0.15,95.07826568815389,4.182249210436138e+28,7.618648004803806,2.9295350016788753,208,1.3055233028076886e+28,1.1678441103964408e+28,0.5913964684438779,"Strategy<210, (208,208,208,208), 1.00-1.00, {'alpha': 1.05, 'c': 0.15, 'total_cost': 4.182249210436138e+28}>"
212,1.05,226,0.15,96.17447892670783,8.941347510188991e+28,8.344304004603096,3.0607917199314785,206,1.9630106456510132e+28,1.1678441117816678e+28,0.3501546890851695,"Strategy<212, (206,206,206,206), 1.00-1.00, {'alpha': 1.05, 'c': 0.15, 'total_cost': 8.941347510188991e+28}>"
214,1.05,228,0.15,97.06123779764499,1.6532707925535103e+29,9.170297472554884,3.1969685337351526,212,8.326655757653322e+28,5.1300488152117095e+28,0.8139443721787935,"Strategy<214, (212,212,212,212), 1.00-1.00, {'alpha': 1.05, 'c': 0.15, 'total_cost': 1.6532707925535103e+29}>"
216,1.05,230,0.15,98.16725272578107,3.5586695509289665e+29,9.831958136284614,3.297478772840033,214,1.2306337457862991e+29,9.826997195295819e+28,0.6219553216842248,"Strategy<216, (214,214,214,214), 1.00-1.00, {'alpha': 1.05, 'c': 0.15, 'total_cost': 3.5586695509289665e+29}>"
218,1.05,232,0.15,99.31549654012069,7.887574836962956e+29,10.047003753997028,3.3286934158194215,216,3.33613127241789e+29,1.704164776929315e+29,0.6390172078909782,"Strategy<218, (216,216,216,216), 1.00-1.00, {'alpha': 1.05, 'c': 0.15, 'total_cost': 7.887574836962956e+29}>"
220,1.05,234,0.15,100.26694660352307,1.5253113478798926e+30,12.412332211862148,3.633702310626872,218,6.2851848677160274e+29,3.9137900487276004e+29,0.6686487273971768,"Strategy<220, (218,218,218,218), 1.00-1.00, {'alpha': 1.05, 'c': 0.15, 'total_cost': 1.5253113478798926e+30}>"
222,1.05,236,0.15,101.4340725900111,3.4252985597934603e+30,11.649220902734644,3.542161565874499,220,9.826733109247459e+29,7.311532817564189e+29,0.5003437109974161,"Strategy<222, (220,220,220,220), 1.00-1.00, {'alpha': 1.05, 'c': 0.15, 'total_cost': 3.4252985597934603e+30}>"
224,1.05,238,0.15,102.61167370533232,7.74803708218763e+30,11.79030229264143,3.559528803069655,220,1.707663442707064e+30,1.0855810129700028e+30,0.3605099493003981,"Strategy<224, (220,220,220,220), 1.00-1.00, {'alpha': 1.05, 'c': 0.15, 'total_cost': 7.74803708218763e+30}>"
226,1.05,240,0.15,103.80786699837537,1.7753408755452398e+31,11.506212253504616,3.524341083663324,220,2.31556209404816e+30,1.5679202907356075e+30,0.21874573149739926,"Strategy<226, (220,220,220,220), 1.00-1.00, {'alpha': 1.05, 'c': 0.15, 'total_cost': 1.7753408755452398e+31}>"
228,1.05,242,0.15,104.82714532904498,3.598446944805346e+31,11.707578655487543,3.5493708254719065,226,1.1321886959853139e+30,6.178951898497229e+29,0.048634422368278266,"Strategy<228, (226,226,226,226), 1.00-1.00, {'alpha': 1.05, 'c': 0.15, 'total_cost': 3.598446944805346e+31}>"
230,1.05,244,0.15,105.99443121293942,8.081708251792775e+31,12.682189099488506,3.6647318885025646,226,1.7970959151250463e+30,8.44411374511283e+29,0.03268501172447496,"Strategy<230, (226,226,226,226), 1.00-1.00, {'alpha': 1.05, 'c': 0.15, 'total_cost': 8.081708251792775e+31}>"
232,1.05,246,0.15,107.33947521504346,2.0530605525784644e+32,11.51973925569965,3.526036157260791,222,1.4254100699640643e+31,7.370910318709538e+30,0.10533060503837094,"Strategy<232, (222,222,222,222), 1.00-1.00, {'alpha': 1.05, 'c': 0.15, 'total_cost': 2.0530605525784644e+32}>"
234,1.05,248,0.15,108.20376284107692,3.737474677563423e+32,13.481941186131946,3.752956331613338,232,9.243000334004515e+30,5.081574184178883e+30,0.03832688045801567,"Strategy<234, (232,232,232,232), 1.00-1.00, {'alpha': 1.05, 'c': 0.15, 'total_cost': 3.737474677563423e+32}>"
236,1.05,250,0.15,109.42863389407702,8.735769908967676e+32,13.585843631910079,3.7640322493897127,234,2.4644634311020144e+31,1.049739980954585e+31,0.04022774693789846,"Strategy<236, (234,234,234,234), 1.00-1.00, {'alpha': 1.05, 'c': 0.15, 'total_cost': 8.735769908967676e+32}>"
238,1.05,252,0.15,110.59650840977423,1.962756602917129e+33,14.399760394115667,3.8479729009232106,236,4.680005081844794e+31,1.644286407809216e+31,0.032221476062057774,"Strategy<238, (236,236,236,236), 1.00-1.00, {'alpha': 1.05, 'c': 0.15, 'total_cost': 1.962756602917129e+33}>"
240,1.05,254,0.15,111.36802637364546,3.35055303274813e+33,20.63228257087032,4.366831531793359,238,4.7878370107401145e+31,2.8834310996149465e+31,0.02289552809753043,"Strategy<240, (238,238,238,238), 1.00-1.00, {'alpha': 1.05, 'c': 0.15, 'total_cost': 3.35055303274813e+33}>"
242,1.05,256,0.15,112.35493620734903,6.640579178173777e+33,21.831221631105283,4.448320957777915,240,8.758915514657385e+31,4.888178457795239e+31,0.02055105978904344,"Strategy<242, (240,240,240,240), 1.00-1.00, {'alpha': 1.05, 'c': 0.15, 'total_cost': 6.640579178173777e+33}>"
244,1.05,258,0.15,113.4300499014249,1.3990957263043507e+34,24.409668218573568,4.609380780720416,242,1.6848365486993048e+32,8.826173840548628e+31,0.018350809629988533,"Strategy<244, (242,242,242,242), 1.00-1.00, {'alpha': 1.05, 'c': 0.15, 'total_cost': 1.3990957263043507e+34}>"
246,1.05,260,0.15,114.63953326798841,3.2354761483102604e+34,25.209709370485147,4.6559075811053665,242,2.2042365224078177e+32,1.1696781037118523e+32,0.010427876675529534,"Strategy<246, (242,242,242,242), 1.00-1.00, {'alpha': 1.05, 'c': 0.15, 'total_cost': 3.2354761483102604e+34}>"
248,1.05,262,0.15,115.54716849493886,6.069649753398094e+34,26.761733543561977,4.742099667282862,246,8.636399212048e+32,2.6123951354902812e+32,0.018532855773499356,"Strategy<248, (246,246,246,246), 1.00-1.00, {'alpha': 1.05, 'c': 0.15, 'total_cost': 6.069649753398094e+34}>"
250,1.05,264,0.15,116.70308515091753,1.3524749092959917e+35,25.280162979000526,4.659933859361156,248,1.0494128923459762e+33,4.4570780678338846e+32,0.011054701930904026,"Strategy<250, (248,248,248,248), 1.00-1.00, {'alpha': 1.05, 'c': 0.15, 'total_cost': 1.3524749092959917e+35}>"
252,1.05,266,0.15,117.74621163469442,2.7870295783417416e+35,30.413831815136703,4.92665568673906,250,2.025838083418063e+33,8.722838365685267e+32,0.010398604817502323,"Strategy<252, (250,250,250,250), 1.00-1.00, {'alpha': 1.05, 'c': 0.15, 'total_cost': 2.7870295783417416e+35}>"
254,1.05,268,0.15,118.60793818485486,5.064622936780743e+35,27.73519578442274,4.79364600445803,252,4.974433478547863e+33,1.9242805643399405e+33,0.013621377403611561,"Strategy<254, (252,252,252,252), 1.00-1.00, {'alpha': 1.05, 'c': 0.15, 'total_cost': 5.064622936780743e+35}>"
256,1.05,270,0.15,119.74405920214141,1.1131498251015875e+36,31.511296697430524,4.977797217711915,254,1.0230135626005725e+34,3.9078307237948655e+33,0.012700865625622625,"Strategy<256, (254,254,254,254), 1.00-1.00, {'alpha': 1.05, 'c': 0.15, 'total_cost': 1.1131498251015875e+36}>"
258,1.05,272,0.15,121.164133213943,2.978780457927375e+36,29.059950312367118,4.860960331094082,254,1.6324966266133065e+34,5.913330397395039e+33,0.00746557088634905,"Strategy<258, (254,254,254,254), 1.00-1.00, {'alpha': 1.05, 'c': 0.15, 'total_cost': 2.978780457927375e+36}>"
260,1.05,276,0.15,123.80271670263951,1.8549460040678786e+37,10.351285653644192,3.3717380598048514,252,5.592351760090554e+34,1.1821830290019384e+34,0.0036521466254198255,"Strategy<260, (252,252,252,252), 1.00-1.00, {'alpha': 1.05, 'c': 0.15, 'total_cost': 1.8549460040678786e+37}>"
262,1.05,278,0.15,125.17395738151676,4.7986143432538375e+37,8.670234733470013,3.1160710527583992,252,6.4133258082636675e+34,1.962783072801059e+34,0.001745526579530262,"Strategy<262, (252,252,252,252), 1.00-1.00, {'alpha': 1.05, 'c': 0.15, 'total_cost': 4.7986143432538375e+37}>"
264,1.05,280,0.15,126.0909886771806,9.060867398527938e+37,10.285427913152917,3.3625299116322163,262,2.992976083540237e+35,1.1343246013591749e+35,0.004555083419022277,"Strategy<264, (262,262,262,262), 1.00-1.00, {'alpha': 1.05, 'c': 0.15, 'total_cost': 9.060867398527938e+37}>"
266,1.05,282,0.15,127.00248302309788,1.704342656691287e+38,12.743634088795343,3.6717048429885266,264,9.746042071453785e+35,2.865755215911578e+35,0.007399801464717888,"Strategy<266, (264,264,264,264), 1.00-1.00, {'alpha': 1.05, 'c': 0.15, 'total_cost': 1.704342656691287e+38}>"
268,1.05,284,0.15,128.24832160818062,4.041957080252232e+38,11.442235191047315,3.516296998756584,266,1.5563018149299453e+36,5.66546262009043e+35,0.005252030228897222,"Strategy<268, (266,266,266,266), 1.00-1.00, {'alpha': 1.05, 'c': 0.15, 'total_cost': 4.041957080252232e+38}>"
270,1.05,286,0.15,129.40215916532085,8.993555362823694e+38,13.417565043696206,3.746050976699887,268,2.3640901889754665e+36,8.850267583525712e+35,0.003612716902548668,"Strategy<270, (268,268,268,268), 1.00-1.00, {'alpha': 1.05, 'c': 0.15, 'total_cost': 8.993555362823694e+38}>"
272,1.05,288,0.15,130.35115003123352,1.7362254930766895e+39,17.94591499709231,4.1655835777022245,270,3.855975077764334e+36,1.7321835338584175e+36,0.003218567308166994,"Strategy<272, (270,270,270,270), 1.00-1.00, {'alpha': 1.05, 'c': 0.15, 'total_cost': 1.7362254930766895e+39}>"
274,1.05,290,0.15,131.6361950845811,4.231002047849384e+39,15.943011482171286,3.9948522612318684,272,7.697449145518636e+36,3.548414818743308e+36,0.0026579670340689653,"Strategy<274, (272,272,272,272), 1.00-1.00, {'alpha': 1.05, 'c': 0.15, 'total_cost': 4.231002047849384e+39}>"
276,1.05,292,0.15,132.91478109659658,1.0264456940532584e+40,16.01261092218269,4.001136659292138,274,2.6586493485898944e+37,7.250492836182362e+36,0.0032965198761236783,"Strategy<276, (274,274,274,274), 1.00-1.00, {'alpha': 1.05, 'c': 0.15, 'total_cost': 1.0264456940532584e+40}>"
278,1.05,294,0.15,133.77401560808633,1.862049999673365e+40,20.80026235691435,4.378529820303355,276,6.051083464836071e+37,1.7149391705598613e+37,0.004170684265598789,"Strategy<278, (276,276,276,276), 1.00-1.00, {'alpha': 1.05, 'c': 0.15, 'total_cost': 1.862049999673365e+40}>"
280,1.05,296,0.15,134.92707363123102,4.1409157081802935e+40,22.684459777313773,4.503632397693912,278,7.530455275072155e+37,3.595214466273265e+37,0.002686765567182855,"Strategy<280, (278,278,278,278), 1.00-1.00, {'alpha': 1.05, 'c': 0.15, 'total_cost': 4.1409157081802935e+40}>"
282,1.05,298,0.15,136.25932143707666,1.0426605486817241e+41,18.151005582031317,4.1819775719250645,280,1.3553754568514933e+38,6.420632198088072e+37,0.0019157132963223164,"Strategy<282, (280,280,280,280), 1.00-1.00, {'alpha': 1.05, 'c': 0.15, 'total_cost': 1.0426605486817241e+41}>"
284,1.05,300,0.15,137.39872558306968,2.2968771458781363e+41,20.26794971697116,4.341128249663379,282,2.830401270365666e+38,1.2063713462945595e+38,0.0017575048033824623,"Strategy<284, (282,282,282,282), 1.00-1.00, {'alpha': 1.05, 'c': 0.15, 'total_cost': 2.2968771458781363e+41}>"
286,1.05,302,0.15,138.49166621553948,4.8994313903351614e+41,24.278526036801196,4.601608932298669,284,8.340814529067338e+38,3.565716958797231e+38,0.002430186390884446,"Strategy<286, (284,284,284,284), 1.00-1.00, {'alpha': 1.05, 'c': 0.15, 'total_cost': 4.8994313903351614e+41}>"
288,1.05,304,0.15,139.86282099090656,1.267372841619993e+42,19.152091912049944,4.259430075878975,286,1.5294554259916465e+39,7.072647338295622e+38,0.0017648477909327515,"Strategy<288, (286,286,286,286), 1.00-1.00, {'alpha': 1.05, 'c': 0.15, 'total_cost': 1.267372841619993e+42}>"
290,1.05,306,0.15,141.08502721916886,2.956821667435524e+42,20.459800596533654,4.354720179374617,288,3.250898444282279e+39,1.6022498693490627e+39,0.001641339539371178,"Strategy<290, (288,288,288,288), 1.00-1.00, {'alpha': 1.05, 'c': 0.15, 'total_cost': 2.956821667435524e+42}>"
292,1.05,308,0.15,142.10889293335745,6.012283121432862e+42,25.040581855745504,4.646196180745979,290,8.508775201999592e+39,3.895897661952002e+39,0.0020632216769251683,"Strategy<292, (290,290,290,290), 1.00-1.00, {'alpha': 1.05, 'c': 0.15, 'total_cost': 6.012283121432862e+42}>"
294,1.05,310,0.15,143.44056884418734,1.513260922268673e+43,19.815935657527792,4.308589184151683,290,1.4703839240213544e+40,5.913556950040164e+39,0.001362448199570515,"Strategy<294, (290,290,290,290), 1.00-1.00, {'alpha': 1.05, 'c': 0.15, 'total_cost': 1.513260922268673e+43}>"
296,1.05,312,0.15,144.52660661911003,3.2125046419602837e+43,24.528578630344523,4.6163917306432225,294,3.4174940879994237e+40,1.4879807765315056e+40,0.0015269938603225141,"Strategy<296, (294,294,294,294), 1.00-1.00, {'alpha': 1.05, 'c': 0.15, 'total_cost': 3.2125046419602837e+43}>"
298,1.05,314,0.15,145.46922380304042,6.174471788782949e+43,32.30525994384713,5.0136971786019355,296,6.763612548446934e+40,2.854818419900808e+40,0.0015577738950595533,"Strategy<298, (296,296,296,296), 1.00-1.00, {'alpha': 1.05, 'c': 0.15, 'total_cost': 6.174471788782949e+43}>"
300,1.05,316,0.15,146.83328447577142,1.5893625994348442e+44,33.36746397996064,5.06037013673973,296,8.372222192997471e+40,3.7627353201124473e+40,0.0007635109519643249,"Strategy<300, (296,296,296,296), 1.00-1.00, {'alpha': 1.05, 'c': 0.15, 'total_cost': 1.5893625994348442e+44}>"
302,1.05,318,0.15,148.1166077664923,3.868492807312601e+44,30.707312504210677,4.94051034844146,298,2.0303061736469363e+41,7.346633109330974e+40,0.000714740758817858,"Strategy<302, (298,298,298,298), 1.00-1.00, {'alpha': 1.05, 'c': 0.15, 'total_cost': 3.868492807312601e+44}>"
304,1.05,320,0.15,149.28566701704665,8.698887110445473e+44,33.14461898572758,5.050702763332475,302,6.745375672421284e+41,2.3715412382255386e+41,0.0010480555495080957,"Strategy<304, (302,302,302,302), 1.00-1.00, {'alpha': 1.05, 'c': 0.15, 'total_cost': 8.698887110445473e+44}>"
306,1.05,322,0.15,150.26043077203704,1.7096091115177665e+45,42.56258268254547,5.41151379061019,302,8.00816434292542e+41,3.9867504341546126e+41,0.0007016173870547004,"Strategy<306, (302,302,302,302), 1.00-1.00, {'alpha': 1.05, 'c': 0.15, 'total_cost': 1.7096091115177665e+45}>"
308,1.05,324,0.15,151.52768017027162,4.115066943166284e+45,35.50716530630923,5.150038283132163,306,3.346864942393416e+42,1.1107787418080674e+42,0.0010832493725537325,"Strategy<308, (306,306,306,306), 1.00-1.00, {'alpha': 1.05, 'c': 0.15, 'total_cost': 4.115066943166284e+45}>"
310,1.05,326,0.15,152.87573672326857,1.0475683361196307e+46,34.905623361001744,5.125387570906876,308,1.2074487696799932e+43,2.237719974652093e+42,0.0013662314121164496,"Strategy<310, (308,308,308,308), 1.00-1.00, {'alpha': 1.05, 'c': 0.15, 'total_cost': 1.0475683361196307e+46}>"
312,1.05,328,0.15,153.82117103051158,2.0173741348051202e+46,45.834273771934015,5.518354909556746,308,9.238948044262957e+42,3.573796754328873e+42,0.0006351199104587287,"Strategy<312, (308,308,308,308), 1.00-1.00, {'alpha': 1.05, 'c': 0.15, 'total_cost': 2.0173741348051202e+46}>"
314,1.05,330,0.15,155.23347531993343,5.36948214371167e+46,37.46683773289431,5.227542311689851,312,4.84067771817078e+43,1.2253195686279813e+43,0.0011297173776623499,"Strategy<314, (312,312,312,312), 1.00-1.00, {'alpha': 1.05, 'c': 0.15, 'total_cost': 5.36948214371167e+46}>"
316,1.05,332,0.15,156.49789556824584,1.2899142018581764e+47,37.59763069634893,5.232569844813469,314,8.594983005249551e+43,2.879450056966921e+43,0.0008895500991993935,"Strategy<316, (314,314,314,314), 1.00-1.00, {'alpha': 1.05, 'c': 0.15, 'total_cost': 1.2899142018581764e+47}>"
318,1.05,334,0.15,157.48786085624272,2.5619465847192083e+47,48.959804201108874,5.613525883337575,316,1.9380152908240206e+44,8.32225467476502e+43,0.0010813030899331352,"Strategy<318, (316,316,316,316), 1.00-1.00, {'alpha': 1.05, 'c': 0.15, 'total_cost': 2.5619465847192083e+47}>"
320,1.05,336,0.15,158.74825935107833,6.137447979741018e+47,51.69612482555935,5.691984234141617,318,3.605040834616057e+44,1.3847858502550374e+44,0.0008130132754431346,"Strategy<320, (318,318,318,318), 1.00-1.00, {'alpha': 1.05, 'c': 0.15, 'total_cost': 6.137447979741018e+47}>"
322,1.05,338,0.15,159.89773828280957,1.3614931541169502e+48,48.93861856690132,5.6129014726673665,320,7.72877921867871e+44,2.647574251716813e+44,0.0007621304182851742,"Strategy<322, (320,320,320,320), 1.00-1.00, {'alpha': 1.05, 'c': 0.15, 'total_cost': 1.3614931541169502e+48}>"
324,1.05,340,0.15,161.31010063828583,3.623922452208808e+48,49.938719063605575,5.642086911261928,322,1.3864081166236975e+45,5.573216256577883e+44,0.0005363607438941658,"Strategy<324, (322,322,322,322), 1.00-1.00, {'alpha': 1.05, 'c': 0.15, 'total_cost': 3.623922452208808e+48}>"
326,1.05,342,0.15,162.41807123458537,7.81108348359282e+48,64.45031245641161,6.0101154477058305,322,5.2599804361066014e+45,1.0383518172350612e+45,0.0008063327279206922,"Strategy<326, (322,322,322,322), 1.00-1.00, {'alpha': 1.05, 'c': 0.15, 'total_cost': 7.81108348359282e+48}>"
328,1.05,344,0.15,163.67550980005387,1.8674027989417107e+49,59.40774510463574,5.892579125166615,326,6.102700799154135e+45,2.4123331027691167e+45,0.00045598271067971344,"Strategy<328, (326,326,326,326), 1.00-1.00, {'alpha': 1.05, 'c': 0.15, 'total_cost': 1.8674027989417107e+49}>"
330,1.05,346,0.15,165.00510551469137,4.693385179627361e+49,56.049822230597584,5.808637892227753,328,1.2934170495410554e+46,5.6314156063279935e+45,0.00039556919773655984,"Strategy<330, (328,328,328,328), 1.00-1.00, {'alpha': 1.05, 'c': 0.15, 'total_cost': 4.693385179627361e+49}>"
332,1.05,348,0.15,165.93481519521384,8.940394829553593e+49,74.67107470459848,6.222477590087598,328,3.5452269933578293e+46,1.04632961943311e+46,0.0005135742548654535,"Strategy<332, (328,328,328,328), 1.00-1.00, {'alpha': 1.05, 'c': 0.15, 'total_cost': 8.940394829553593e+49}>"
334,1.05,350,0.15,167.23204541567605,2.197161125196379e+50,63.346386332345986,5.985190416398611,332,6.083379975348973e+46,2.7256396791078446e+46,0.0004009273399860231,"Strategy<334, (332,332,332,332), 1.00-1.00, {'alpha': 1.05, 'c': 0.15, 'total_cost': 2.197161125196379e+50}>"
336,1.05,354,0.15,169.65796316416717,1.1806900835292176e+51,31.269737348252754,4.966695196210929,334,2.6865262335286612e+47,9.770554197038674e+46,0.00031029155782198703,"Strategy<336, (334,334,334,334), 1.00-1.00, {'alpha': 1.05, 'c': 0.15, 'total_cost': 1.1806900835292176e+51}>"
338,1.05,356,0.15,170.9972289926093,2.9874118695615194e+51,32.60488570387164,5.02701625727686,334,3.4527855204756894e+47,1.3216120092344669e+47,0.00015981718417724987,"Strategy<338, (334,334,334,334), 1.00-1.00, {'alpha': 1.05, 'c': 0.15, 'total_cost': 2.9874118695615194e+51}>"
340,1.05,358,0.15,172.25280094260677,7.132797931599844e+51,36.70723490749816,5.197992537696236,338,6.934467533725232e+47,2.7692356718380497e+47,0.0001360434334270675,"Strategy<340, (338,338,338,338), 1.00-1.00, {'alpha': 1.05, 'c': 0.15, 'total_cost': 7.132797931599844e+51}>"
342,1.05,360,0.15,173.8060090110391,2.0932550082854118e+52,26.84354878723782,4.746503507085206,340,2.795578159002306e+48,1.0292375257108822e+48,0.00018272096183092858,"Strategy<342, (340,340,340,340), 1.00-1.00, {'alpha': 1.05, 'c': 0.15, 'total_cost': 2.0932550082854118e+52}>"
344,1.05,362,0.15,174.80353921912211,4.179349138600017e+52,34.02294948232689,5.088436309935604,342,6.095608326980762e+48,2.5120184506880044e+48,0.000205956154707671,"Strategy<344, (342,342,342,342), 1.00-1.00, {'alpha': 1.05, 'c': 0.15, 'total_cost': 4.179349138600017e+52}>"
346,1.05,364,0.15,176.12977737565012,1.04796341076617e+53,34.09404852743507,5.091448018614412,344,1.2386549591633697e+49,5.1152197919993785e+48,0.0001670074470523495,"Strategy<346, (344,344,344,344), 1.00-1.00, {'alpha': 1.05, 'c': 0.15, 'total_cost': 1.04796341076617e+53}>"
348,1.05,366,0.15,177.28244318287165,2.3298775820432827e+53,30.973429841805522,4.952959243537119,346,2.736813655312038e+49,1.0766325716643494e+49,0.00016367581955237443,"Strategy<348, (346,346,346,346), 1.00-1.00, {'alpha': 1.05, 'c': 0.15, 'total_cost': 2.3298775820432827e+53}>"
350,1.05,368,0.15,178.41464399775293,5.106925342839106e+53,35.20134819056403,5.13755877916453,348,6.295524705631199e+49,2.447452747120329e+49,0.0001711984582858817,"Strategy<350, (348,348,348,348), 1.00-1.00, {'alpha': 1.05, 'c': 0.15, 'total_cost': 5.106925342839106e+53}>"
352,1.05,370,0.15,179.7069087074637,1.250748379851168e+54,40.636859469703936,5.344717005792793,350,1.941511192711281e+50,4.439899237407305e+49,0.0001907259009790501,"Strategy<352, (350,350,350,350), 1.00-1.00, {'alpha': 1.05, 'c': 0.15, 'total_cost': 1.250748379851168e+54}>"
354,1.05,372,0.15,180.8514513443566,2.7651049140042087e+54,45.7759624726629,5.516518314933786,352,2.7319250307410093e+50,8.534498584893602e+49,0.00012966505795392443,"Strategy<354, (352,352,352,352), 1.00-1.00, {'alpha': 1.05, 'c': 0.15, 'total_cost': 2.7651049140042087e+54}>"
356,1.05,374,0.15,181.86365530057495,5.5771890569981815e+54,61.35777321270784,5.9391742206017755,354,7.508526999115209e+50,1.8434091100842473e+50,0.00016768189160567854,"Strategy<356, (354,354,354,354), 1.00-1.00, {'alpha': 1.05, 'c': 0.15, 'total_cost': 5.5771890569981815e+54}>"
358,1.05,376,0.15,183.30936500138029,1.519208394745952e+55,58.336458261624095,5.866325894501975,356,1.9978491568071408e+51,4.496555470407781e+50,0.00016110394810299876,"Strategy<358, (356,356,356,356), 1.00-1.00, {'alpha': 1.05, 'c': 0.15, 'total_cost': 1.519208394745952e+55}>"
360,1.05,378,0.15,184.57951080775453,3.664117044848852e+55,61.841566394919944,5.950504956866213,358,5.447882444580793e+51,1.024710463500451e+51,0.0001766480936295594,"Strategy<360, (358,358,358,358), 1.00-1.00, {'alpha': 1.05, 'c': 0.15, 'total_cost': 3.664117044848852e+55}>"
362,1.05,380,0.15,186.0289732703009,1.0006933573651086e+56,48.008395041497046,5.585214801257197,360,1.0827843780727121e+52,1.85130856228757e+51,0.00012670367250562883,"Strategy<362, (360,360,360,360), 1.00-1.00, {'alpha': 1.05, 'c': 0.15, 'total_cost': 1.0006933573651086e+56}>"
364,1.05,382,0.15,186.71835039043214,1.6137052369495315e+56,74.57292511208725,6.220580027023502,362,1.492220958753109e+52,4.794538293367659e+51,0.0001221830817018994,"Strategy<364, (362,362,362,362), 1.00-1.00, {'alpha': 1.05, 'c': 0.15, 'total_cost': 1.6137052369495315e+56}>"
366,1.05,384,0.15,188.3377536924255,4.958075975083215e+56,64.49779474959999,6.011177928939457,364,2.3909918555019238e+52,8.222886203230626e+51,6.48090205146777e-05,"Strategy<366, (364,364,364,364), 1.00-1.00, {'alpha': 1.05, 'c': 0.15, 'total_cost': 4.958075975083215e+56}>"
368,1.05,386,0.15,189.7002332629965,1.2748538405153438e+57,52.07846466812329,5.702615011740855,366,8.688090564082748e+52,1.7511014366331205e+52,8.188540261600463e-05,"Strategy<368, (366,366,366,366), 1.00-1.00, {'alpha': 1.05, 'c': 0.15, 'total_cost': 1.2748538405153438e+57}>"
370,1.05,388,0.15,190.70913514794609,2.565488821535163e+57,71.85824701859293,6.167081836121815,368,1.937568748248469e+53,6.947661582306442e+52,0.00010260558862634023,"Strategy<370, (368,368,368,368), 1.00-1.00, {'alpha': 1.05, 'c': 0.15, 'total_cost': 2.565488821535163e+57}>"
372,1.05,390,0.15,192.31686509488694,7.818889321628404e+57,61.506242427730676,5.942660935623755,370,4.8205799894236695e+53,1.7431562477241668e+53,8.394716905624183e-05,"Strategy<372, (370,370,370,370), 1.00-1.00, {'alpha': 1.05, 'c': 0.15, 'total_cost': 7.818889321628404e+57}>"
374,1.05,392,0.15,193.58842732387254,1.887658543031197e+58,57.91603041437188,5.855890817858247,370,7.259771107175236e+53,2.4705045322852755e+53,5.15467994748439e-05,"Strategy<374, (370,370,370,370), 1.00-1.00, {'alpha': 1.05, 'c': 0.15, 'total_cost': 1.887658543031197e+58}>"
376,1.05,394,0.15,194.89605126372237,4.6725877583803954e+58,61.37700464738521,5.939626335253369,370,2.370021189220491e+54,4.957036765658804e+53,6.133057342040557e-05,"Strategy<376, (370,370,370,370), 1.00-1.00, {'alpha': 1.05, 'c': 0.15, 'total_cost': 4.6725877583803954e+58}>"
378,1.05,396,0.15,196.28444323768596,1.2232214743198154e+59,62.38320139440027,5.963085686030224,370,2.5728430025536764e+54,7.382335007246711e+53,2.70684955487681e-05,"Strategy<378, (370,370,370,370), 1.00-1.00, {'alpha': 1.05, 'c': 0.15, 'total_cost': 1.2232214743198154e+59}>"
380,1.05,398,0.15,197.9894015918504,3.9879408001489275e+59,54.82722461467263,5.776820540326015,370,3.1607721473112535e+54,1.057524333484015e+54,1.057763064245522e-05,"Strategy<380, (370,370,370,370), 1.00-1.00, {'alpha': 1.05, 'c': 0.15, 'total_cost': 3.9879408001489275e+59}>"
382,1.05,400,0.15,199.49322080830893,1.1309499739512304e+60,45.23949630483539,5.499510961382172,370,4.090769022723706e+54,1.5162070081391062e+54,4.957757778864054e-06,"Strategy<382, (370,370,370,370), 1.00-1.00, {'alpha': 1.05, 'c': 0.15, 'total_cost': 1.1309499739512304e+60}>"
384,1.05,402,0.15,200.61120785239763,2.4546582159244693e+60,65.56113863802605,6.034769005657385,370,1.3283821552725225e+55,2.4133187829653654e+54,6.3948374701847285e-06,"Strategy<384, (370,370,370,370), 1.00-1.00, {'alpha': 1.05, 'c': 0.15, 'total_cost': 2.4546582159244693e+60}>"
386,1.05,404,0.15,202.19803841276206,7.373515994657388e+60,64.83500452581762,6.018701031772016,370,1.2772902951037855e+55,3.9244342595285494e+54,2.2645013888441764e-06,"Strategy<386, (370,370,370,370), 1.00-1.00, {'alpha': 1.05, 'c': 0.15, 'total_cost': 7.373515994657388e+60}>"
388,1.05,406,0.15,203.54236724682153,1.8722245241814326e+61,59.17374925831037,5.886885402262075,386,8.460165449302511e+54,2.1142815246899474e+54,5.648065623227417e-07,"Strategy<388, (386,386,386,386), 1.00-1.00, {'alpha': 1.05, 'c': 0.15, 'total_cost': 1.8722245241814326e+61}>"
390,1.05,408,0.15,204.55009458298554,3.7645588039133863e+61,91.88157697186058,6.521703712921865,388,1.9727579770347356e+55,5.4355497360917324e+54,6.684217412218707e-07,"Strategy<390, (388,388,388,388), 1.00-1.00, {'alpha': 1.05, 'c': 0.15, 'total_cost': 3.7645588039133863e+61}>"
392,1.05,410,0.15,206.10429888485518,1.1055444269307302e+62,90.35138068312156,6.497474742346612,390,7.548920353278395e+55,1.2045874790531688e+55,7.917825479554456e-07,"Strategy<392, (390,390,390,390), 1.00-1.00, {'alpha': 1.05, 'c': 0.15, 'total_cost': 1.1055444269307302e+62}>"
394,1.05,412,0.15,207.30945945924051,2.5489756228927912e+62,87.13989807413321,6.445261520648723,392,9.396686692203665e+55,2.5364536057899483e+55,4.6815435152929726e-07,"Strategy<394, (392,392,392,392), 1.00-1.00, {'alpha': 1.05, 'c': 0.15, 'total_cost': 2.5489756228927912e+62}>"
396,1.05,414,0.15,208.39940795615314,5.425913593275605e+62,126.45737132209068,6.982507325311814,394,2.2430269759247615e+56,6.627285654716306e+55,5.355329552238957e-07,"Strategy<396, (394,394,394,394), 1.00-1.00, {'alpha': 1.05, 'c': 0.15, 'total_cost': 5.425913593275605e+62}>"
398,1.05,416,0.15,210.01731082907565,1.6653678189723594e+63,104.64956105082331,6.709422450043659,394,8.55103576774056e+56,1.1077971129195645e+56,5.799819577767663e-07,"Strategy<398, (394,394,394,394), 1.00-1.00, {'alpha': 1.05, 'c': 0.15, 'total_cost': 1.6653678189723594e+63}>"
400,1.05,418,0.15,211.2915715252581,4.02810571758251e+63,112.99004798127547,6.820051897279371,398,2.6081197695498e+56,1.7780424814462481e+56,1.0888895571560194e-07,"Strategy<400, (398,398,398,398), 1.00-1.00, {'alpha': 1.05, 'c': 0.15, 'total_cost': 4.02810571758251e+63}>"
402,1.05,420,0.15,212.44869492039433,8.983171907872886e+63,110.69323401297359,6.790423231639032,400,9.480727566684219e+56,2.5252010319952175e+56,1.336491021412759e-07,"Strategy<402, (400,400,400,400), 1.00-1.00, {'alpha': 1.05, 'c': 0.15, 'total_cost': 8.983171907872886e+63}>"
404,1.05,422,0.15,213.37142634777854,1.7029407906437653e+64,177.964742080346,7.475447636223324,402,1.8089767936911177e+57,5.217077612737259e+56,1.3686233648110405e-07,"Strategy<404, (402,402,402,402), 1.00-1.00, {'alpha': 1.05, 'c': 0.15, 'total_cost': 1.7029407906437653e+64}>"
406,1.05,424,0.15,214.60485947769786,4.004053927667073e+64,213.8773213159732,7.740639702854669,404,7.54065791165265e+57,1.1853720579927434e+57,2.179298812473672e-07,"Strategy<406, (404,404,404,404), 1.00-1.00, {'alpha': 1.05, 'c': 0.15, 'total_cost': 4.004053927667073e+64}>"
408,1.05,426,0.15,216.02444601912438,1.071119802442868e+65,140.95656516927383,7.139106863969531,406,1.0440867058131035e+58,2.7140900943477927e+57,1.2281499345336298e-07,"Strategy<408, (406,406,406,406), 1.00-1.00, {'alpha': 1.05, 'c': 0.15, 'total_cost': 1.071119802442868e+65}>"
410,1.05,428,0.15,217.1465951335425,2.3315170273044505e+65,204.20890178527353,7.673901946693435,406,1.5220620453250997e+58,5.083006194696279e+57,8.70833299099729e-08,"Strategy<410, (406,406,406,406), 1.00-1.00, {'alpha': 1.05, 'c': 0.15, 'total_cost': 2.3315170273044505e+65}>"
412,1.05,430,0.15,218.44214880019007,5.723202416176442e+65,244.0157909937891,7.930830701707484,410,4.2437762795676523e+58,1.1392196705915228e+58,9.405566252460885e-08,"Strategy<412, (410,410,410,410), 1.00-1.00, {'alpha': 1.05, 'c': 0.15, 'total_cost': 5.723202416176442e+65}>"
414,1.05,432,0.15,220.0305678446387,1.721079311838464e+66,118.26516244036299,6.885881349028258,412,1.0880730082255687e+59,2.3629744818052309e+58,7.694999569725777e-08,"Strategy<414, (412,412,412,412), 1.00-1.00, {'alpha': 1.05, 'c': 0.15, 'total_cost': 1.721079311838464e+66}>"
416,1.05,436,0.15,222.3447324381135,8.559213150232485e+66,64.72559542883748,6.016264426828583,414,4.60441004877192e+59,8.413850758033499e+58,6.362495043633014e-08,"Strategy<416, (414,414,414,414), 1.00-1.00, {'alpha': 1.05, 'c': 0.15, 'total_cost': 8.559213150232485e+66}>"
418,1.05,438,0.15,223.7664287543349,2.2930159606156806e+67,62.74322379694413,5.971387752796598,416,4.4717404044467645e+59,1.4801897288664587e+59,2.5956775860012397e-08,"Strategy<418, (416,416,416,416), 1.00-1.00, {'alpha': 1.05, 'c': 0.15, 'total_cost': 2.2930159606156806e+67}>"
420,1.05,440,0.15,225.0764197668568,5.685303667381982e+67,71.86127578083641,6.1671426431741105,418,1.2211259035752434e+60,3.1337100200167733e+59,2.6990588284328867e-08,"Strategy<420, (418,418,418,418), 1.00-1.00, {'alpha': 1.05, 'c': 0.15, 'total_cost': 5.685303667381982e+67}>"
422,1.05,442,0.15,226.15838015598797,1.2035279976966855e+68,71.72801647606161,6.16446483077843,420,3.1295607392334448e+60,7.812014762540821e+59,3.2494152383425665e-08,"Strategy<422, (420,420,420,420), 1.00-1.00, {'alpha': 1.05, 'c': 0.15, 'total_cost': 1.2035279976966855e+68}>"
424,1.05,444,0.15,227.7143024256267,3.53863258076912e+68,73.37632273608155,6.197242700436593,422,8.045352360975744e+60,2.3216544062535118e+60,2.929664646046975e-08,"Strategy<424, (422,422,422,422), 1.00-1.00, {'alpha': 1.05, 'c': 0.15, 'total_cost': 3.53863258076912e+68}>"
426,1.05,446,0.15,229.26758717465617,1.038534128756397e+69,62.18262715926261,5.958439665403145,424,5.428378364591395e+61,6.532631067426736e+60,5.8559861471443313e-08,"Strategy<426, (424,424,424,424), 1.00-1.00, {'alpha': 1.05, 'c': 0.15, 'total_cost': 1.038534128756397e+69}>"
428,1.05,448,0.15,230.22250350851522,2.01316435836142e+69,70.33854042210062,6.1362434931482115,424,5.0477636067188183e+61,1.2907853999514868e+61,3.1485501818785707e-08,"Strategy<428, (424,424,424,424), 1.00-1.00, {'alpha': 1.05, 'c': 0.15, 'total_cost': 2.01316435836142e+69}>"
430,1.05,450,0.15,231.80541740706528,6.030923184670869e+69,65.83226827474036,6.040723002082352,426,1.938177157682613e+62,2.9214981901933756e+61,3.698151855707425e-08,"Strategy<430, (426,426,426,426), 1.00-1.00, {'alpha': 1.05, 'c': 0.15, 'total_cost': 6.030923184670869e+69}>"
